﻿<?xml version='1.0' encoding='UTF-8'?>
<Profile>
  <General>
    <Version value='1.0.0.0' />
    <SecondFrameCount value='24' />
    <Camera value='camera1' />
    <Frame Begin='0' End='2720' />
    <GroupCount value='4' />
    <FitMode value='FitOut' />
    <LoopStartFrame value='86' />
    <RunningMode value='3' />
    <AntiAliasing value='0' />
    <NoNeedMask value='1' />
  </General>
  <GroupInfo>    
    <Group id='G1' BeginFrame='0' EndFrame='412'>
      <MeshGroup>
        <Mesh id='pic_01_3_4' Width='520' Height='390' FitMode='FitOut' />
      </MeshGroup>
      <MeshGroup>
        <Mesh id='pic_02_4_3' Width='520' Height='390' FitMode='FitOut' />
      </MeshGroup>
      <MeshGroup>
        <Mesh id='pic_03_4_3' Width='520' Height='390' FitMode='FitOut' />
      </MeshGroup>
      <MeshGroup>
        <Mesh id='pic_04_4_3' Width='520' Height='390' FitMode='FitOut' />
      </MeshGroup>
      <MeshGroup>
        <Mesh id='pic_05_4_3' Width='520' Height='390' FitMode='FitOut' />
      </MeshGroup>
    </Group>
    <Group id='G2' BeginFrame='413' EndFrame='1214'>
      <MeshGroup>
        <Mesh id='pic_06_3_4' Width='520' Height='390' FitMode='FitOut' />
      </MeshGroup>
      <MeshGroup>
        <Mesh id='pic_07_3_4' Width='520' Height='390' FitMode='FitOut' />
      </MeshGroup>
      <MeshGroup>
        <Mesh id='pic_08_4_3' Width='520' Height='390' FitMode='FitOut' />
      </MeshGroup>
      <MeshGroup>
        <Mesh id='pic_09_3_4' Width='520' Height='390' FitMode='FitOut' />
      </MeshGroup>
      <MeshGroup>
        <Mesh id='pic_10_4_3' Width='520' Height='390' FitMode='FitOut' />
      </MeshGroup>
      <MeshGroup>
        <Mesh id='pic_11_4_3' Width='520' Height='390' FitMode='FitOut' />
      </MeshGroup>
      <MeshGroup>
        <Mesh id='pic_12_4_3' Width='520' Height='390' FitMode='FitOut' />
      </MeshGroup>
      <MeshGroup>
        <Mesh id='pic_13_4_3' Width='520' Height='390' FitMode='FitOut' />
      </MeshGroup>
    </Group>
    <Group id='G3' BeginFrame='1215' EndFrame='1997'>
      <MeshGroup>
        <Mesh id='pic_14_4_3' Width='520' Height='390' FitMode='FitOut' />
      </MeshGroup>
      <MeshGroup>
        <Mesh id='pic_15_4_3' Width='520' Height='390' FitMode='FitOut' />
      </MeshGroup>
      <MeshGroup>
        <Mesh id='pic_16_4_3' Width='520' Height='390' FitMode='FitOut' />
      </MeshGroup>
      <MeshGroup>
        <Mesh id='pic_17_4_3' Width='520' Height='390' FitMode='FitOut' />
      </MeshGroup>
      <MeshGroup>
        <Mesh id='pic_18_3_4' Width='520' Height='390' FitMode='FitOut' />
      </MeshGroup>
      <MeshGroup>
        <Mesh id='pic_19_3_4' Width='520' Height='390' FitMode='FitOut' />
      </MeshGroup>
      <MeshGroup>
        <Mesh id='pic_20_4_3' Width='520' Height='390' FitMode='FitOut' />
      </MeshGroup>
      <MeshGroup>
        <Mesh id='pic_21_3_4' Width='520' Height='390' FitMode='FitOut' />
      </MeshGroup>
      <MeshGroup>
        <Mesh id='pic_22_3_4' Width='520' Height='390' FitMode='FitOut' />
      </MeshGroup>
      <MeshGroup>
        <Mesh id='pic_23_4_3' Width='520' Height='390' FitMode='FitOut' />
      </MeshGroup>
      <MeshGroup>
        <Mesh id='pic_24_4_3' Width='520' Height='390' FitMode='FitOut' />
      </MeshGroup>
      <MeshGroup>
        <Mesh id='pic_25_4_3' Width='520' Height='390' FitMode='FitOut' />
      </MeshGroup>
      <MeshGroup>
        <Mesh id='pic_26_3_4' Width='520' Height='390' FitMode='FitOut' />
      </MeshGroup>                              
      <MeshGroup>
        <Mesh id='pic_27_4_3' Width='520' Height='390' FitMode='FitOut' />
      </MeshGroup>
    </Group>
    <Group id='G4' Map='G1' BeginFrame='1998' EndFrame='2720' />
  </GroupInfo>
</Profile>