﻿<?xml version='1.0' encoding='UTF-8'?>
<Profile>
  <General>
    <Version value='1.0.0.0' />
    <SecondFrameCount value='24' />
    <Camera value='camera1' />
    <Frame Begin='0' End='244' />
    <GroupCount value='4' />
    <FitMode value='FitOut' />
    <LoopStartFrame value='0' />
    <RunningMode value='0' />
    <AntiAliasing value='0' />
  </General>
  <GroupInfo>
    <Group id='G1' BeginFrame='0' EndFrame='56'>
      <MeshGroup>
        <Mesh id='shadow_01' Width='640' Height='480' FitMode='FitOut' />
        <Mesh id='pic_01_4_3' Width='640' Height='480' FitMode='FitOut' />
      </MeshGroup>
      <MeshGroup>
        <Mesh id='shadow_02' Width='480' Height='360' FitMode='FitOut' />
        <Mesh id='pic_02_4_3' Width='480' Height='360' FitMode='FitOut' />
      </MeshGroup>
      <MeshGroup>
        <Mesh id='shadow_03' Width='480' Height='360' FitMode='FitOut' />
        <Mesh id='pic_03_4_3' Width='480' Height='360' FitMode='FitOut' />
      </MeshGroup>
      <MeshGroup>
        <Mesh id='shadow_04' Width='480' Height='360' FitMode='FitOut' />
        <Mesh id='pic_04_4_3' Width='480' Height='360' FitMode='FitOut' />
      </MeshGroup>                      
      <MeshGroup>
        <Mesh id='shadow_05' Width='480' Height='360' FitMode='FitOut' />
        <Mesh id='pic_05_4_3' Width='480' Height='360' FitMode='FitOut' />
      </MeshGroup>
    </Group>
    <Group id='G2' BeginFrame='57' EndFrame='114'>
      <MeshGroup>
        <Mesh id='shadow_05' Width='480' Height='360' FitMode='FitOut' />
        <Mesh id='pic_05_4_3' Width='480' Height='360' FitMode='FitOut' />
      </MeshGroup>
      <MeshGroup>
        <Mesh id='shadow_01' Width='640' Height='480' FitMode='FitOut' />
        <Mesh id='pic_01_4_3' Width='640' Height='480' FitMode='FitOut' />
      </MeshGroup>
      <MeshGroup>
        <Mesh id='shadow_02' Width='480' Height='360' FitMode='FitOut' />
        <Mesh id='pic_02_4_3' Width='480' Height='360' FitMode='FitOut' />
      </MeshGroup>
      <MeshGroup>
        <Mesh id='shadow_03' Width='480' Height='360' FitMode='FitOut' />
        <Mesh id='pic_03_4_3' Width='480' Height='360' FitMode='FitOut' />
      </MeshGroup>                            
      <MeshGroup>
        <Mesh id='shadow_04' Width='480' Height='360' FitMode='FitOut' />
        <Mesh id='pic_04_4_3' Width='480' Height='360' FitMode='FitOut' />
      </MeshGroup>
    </Group>
    <Group id='G3' BeginFrame='115' EndFrame='181'>
      <MeshGroup>
        <Mesh id='shadow_04' Width='480' Height='360' FitMode='FitOut' />
        <Mesh id='pic_04_4_3' Width='480' Height='360' FitMode='FitOut' />
      </MeshGroup>
      <MeshGroup>
        <Mesh id='shadow_05' Width='480' Height='360' FitMode='FitOut' />
        <Mesh id='pic_05_4_3' Width='480' Height='360' FitMode='FitOut' />
      </MeshGroup>
      <MeshGroup>
        <Mesh id='shadow_01' Width='640' Height='480' FitMode='FitOut' />
        <Mesh id='pic_01_4_3' Width='640' Height='480' FitMode='FitOut' />
      </MeshGroup>
      <MeshGroup>
        <Mesh id='shadow_02' Width='480' Height='360' FitMode='FitOut' />
        <Mesh id='pic_02_4_3' Width='480' Height='360' FitMode='FitOut' />
      </MeshGroup>                        
      <MeshGroup>
        <Mesh id='shadow_03' Width='480' Height='360' FitMode='FitOut' />
        <Mesh id='pic_03_4_3' Width='480' Height='360' FitMode='FitOut' />
      </MeshGroup>
    </Group>
    <Group id='G4' BeginFrame='182' EndFrame='244'>
      <MeshGroup>
        <Mesh id='shadow_03' Width='480' Height='360' FitMode='FitOut' />
        <Mesh id='pic_03_4_3' Width='480' Height='360' FitMode='FitOut' />
      </MeshGroup>
      <MeshGroup>
        <Mesh id='shadow_04' Width='480' Height='360' FitMode='FitOut' />
        <Mesh id='pic_04_4_3' Width='480' Height='360' FitMode='FitOut' />
      </MeshGroup>
      <MeshGroup>
        <Mesh id='shadow_05' Width='480' Height='360' FitMode='FitOut' />
        <Mesh id='pic_05_4_3' Width='480' Height='360' FitMode='FitOut' />
      </MeshGroup>
      <MeshGroup>
        <Mesh id='shadow_01' Width='640' Height='480' FitMode='FitOut' />
        <Mesh id='pic_01_4_3' Width='640' Height='480' FitMode='FitOut' />
      </MeshGroup>                            
      <MeshGroup>
        <Mesh id='shadow_02' Width='480' Height='360' FitMode='FitOut' />
        <Mesh id='pic_02_4_3' Width='480' Height='360' FitMode='FitOut' />
      </MeshGroup>
    </Group>
  </GroupInfo>
</Profile>