﻿<?xml version='1.0' encoding='UTF-8'?>
<Profile>
  <General>
    <Version value='1.0.0.0' />
    <SecondFrameCount value='24' />
    <Camera value='camera1' />
    <Frame Begin='0' End='192' />
    <GroupCount value='4' />
    <FitMode value='FitOut' />
    <LoopStartFrame value='0' />
    <RunningMode value='3' />
    <AntiAliasing value='0' />
    <NoNeedMask value='1' />
  </General>
  <GroupInfo>
    <Group id='G1' BeginFrame='0' EndFrame='18'>
      <MeshGroup>
        <Mesh id='shadow_01' Width='760' Height='570' FitMode='FitOut' />
        <Mesh id='pic_01_3_2' Width='760' Height='570' FitMode='FitOut' />
      </MeshGroup>
    </Group>
    <Group id='G2' BeginFrame='19' EndFrame='82'>
      <MeshGroup>
        <Mesh id='shadow_02' Width='760' Height='570' FitMode='FitOut' />
        <Mesh id='pic_02_3_2' Width='760' Height='570' FitMode='FitOut' />
      </MeshGroup>
    </Group>
    <Group id='G3' BeginFrame='83' EndFrame='140'>
      <MeshGroup>
        <Mesh id='shadow_03' Width='760' Height='570' FitMode='FitOut' />
        <Mesh id='pic_03_3_2' Width='760' Height='570' FitMode='FitOut' />
      </MeshGroup>
    </Group>
    <Group id='G4' Map='G1'  BeginFrame='141' EndFrame='192' />
  </GroupInfo>
</Profile>