﻿<?xml version="1.0" encoding="UTF-8"?>
<SlideShow>
<Groups DefaultID="4">
  <Group ID="3" Name="General" Order="10" Type="0">
    <Title>
      <en>General</en>
      <!--<cs>通用模板</cs>-->
      <de>Allgemein</de>
      <ja>全般</ja>
      <ru>Общие</ru>
    </Title>
    <Theme ID="1" />
    <Theme ID="4" />
  </Group>
  <Group ID="4" Name="Cool3D" Order="20" Type="0">
    <Title>
      <en>Cool 3D</en>
      <!--<cs>酷炫3D模板</cs>-->
      <de>Cool 3D</de>
      <ja>Cool 3D</ja>
      <ru>Потрясающий 3D</ru>
    </Title>
    <Theme ID="2" />
    <Theme ID="3" />
    <Theme ID="5" />
    <Theme ID="6" />
  </Group>
</Groups>
<Themes DefaultID="3">
  <Theme ID="1" TypeID="409DD04E-5027-4258-AAC5-2E0E487A2B92" Name="CrossFade" Like="10" BestPhotoCount="0" ThumbUrl="" FileUrl="" MD5Url="" ThumbVer="1">
    <Title>
      <en>Cross Fade</en>
      <!--<cs>淡入淡出</cs>-->
      <de>Überblenden</de>
      <ja>クロスフェード</ja>
      <ru>Затухание</ru>      
    </Title>
    <Desc>
    </Desc>
  </Theme>
  <Theme ID="2" TypeID="409DD04E-5027-4258-AAC5-2E0E487A2B92" Name="DPF" Like="30" BestPhotoCount="0" ThumbUrl="" FileUrl="" MD5Url="" ThumbVer="1">
    <Title>
      <en>Starry Sky</en>
      <!--<cs>星空之旅</cs>-->
      <de>Sternenhimmel</de>
      <ja>星空</ja>
      <ru>Звездное небо</ru>
    </Title>
  </Theme>
  <Theme ID="3" TypeID="409DD04E-5027-4258-AAC5-2E0E487A2B92" Name="DriftDown" Like="50" BestPhotoCount="0" ThumbUrl="" FileUrl="" MD5Url="" ThumbVer="1">
    <Title>
      <en>Drift Down</en>
      <!--<cs>花逐流水</cs>-->
      <de>Herunterfallen</de>
      <ja>下へドリフト</ja>
      <ru>Плавный спуск</ru>
    </Title>
  </Theme>
  <Theme ID="4" TypeID="409DD04E-5027-4258-AAC5-2E0E487A2B92" Name="PanZoom" Like="20" BestPhotoCount="0" ThumbUrl="" FileUrl="" MD5Url="" ThumbVer="1">
    <Title>
      <en>Pan &amp; Zoom</en>
      <!--<cs>移动与缩放</cs>-->
      <de>Schwenken und Zoomen</de>
      <ja>パンとズーム</ja>
      <ru>Панорама и увеличение</ru>
    </Title>
  </Theme>
  <Theme ID="5" TypeID="409DD04E-5027-4258-AAC5-2E0E487A2B92" Name="PicturesSwitch" Like="60" BestPhotoCount="0" ThumbUrl="" FileUrl="" MD5Url="" ThumbVer="1">
    <Title>
      <en>Magic Roll</en>
      <!--<cs>旋转的梦</cs>-->
      <de>Magische Rolle</de>
      <ja>マジック ロール</ja>
      <ru>Волшебный свиток</ru>
    </Title>
  </Theme>
  <Theme ID="6" TypeID="409DD04E-5027-4258-AAC5-2E0E487A2B92" Name="Explode" Like="70" BestPhotoCount="0" ThumbUrl="" FileUrl="" MD5Url="" ThumbVer="1">
    <Title>
      <en>Dynamic Gallery</en>
      <!--<cs>动感舞台</cs>-->
      <de>Dynamische Galerie</de>
      <ja>ダイナミック ギャラリー</ja>
      <ru>Динамическая галерея</ru>
    </Title>
  </Theme>

<!--  <Theme ID="7" TypeID="409DD04E-5027-4258-AAC5-2E0E487A2B92" Name="PhotoWall
" Like="40" BestPhotoCount="0" ThumbUrl="" FileUrl="" MD5Url="">
    <Title>
      <en>Photo Wall
</en>
      <cs>昨日重现</cs>
    </Title>
  </Theme>
-->
</Themes>
</SlideShow>

