﻿<?xml version='1.0' encoding='UTF-8'?>
<Profile>
  <General>
    <Version value='1.0.0.0' />
    <SecondFrameCount value='24' />
    <Camera value='camera1' />
    <Frame Begin='0' End='288' />
    <GroupCount value='3' />
    <FitMode value='FitIn' />
    <LoopStartFrame value='0' />
    <!--default:3 1:MapEndLinkBegin 2:ClearMeshImgData-->
    <RunningMode value='1' />
    <AntiAliasing value='0' />
    <NoNeedMask value='1' />
  </General>
  <GroupInfo>
    <Group id='G1' BeginFrame='0' EndFrame='91'>
      <MeshGroup>
        <Mesh id='pic01_8_5' Width='720' Height='720' FitMode='FitIn' />
      </MeshGroup>
      <MeshGroup>
        <Mesh id='pic02_8_5' Width='720' Height='720' FitMode='FitIn' />
      </MeshGroup>
    </Group>
    <Group id='G2' BeginFrame='92' EndFrame='191'>
      <MeshGroup>
        <Mesh id='pic03_8_5' Width='720' Height='720' FitMode='FitIn' />
      </MeshGroup>
    </Group>
    <Group id='G3' Map='G1'  BeginFrame='192' EndFrame='288' />
  </GroupInfo>
</Profile>