﻿<?xml version='1.0' encoding='UTF-8'?>
<Profile>
  <General>
    <Version value='1.0.0.0' />
    <SecondFrameCount value='24' />
    <Camera value='camera1' />
    <Frame Begin='0' End='3910' />
    <GroupCount value='4' />
    <FitMode value='FitIn' />
    <LoopStartFrame value='23' />
    <RunningMode value='0' />
    <AntiAliasing value='0' />
  </General>
  <GroupInfo>
    <Group id='G1' BeginFrame='0' EndFrame='981'>
      <MeshGroup>
        <Mesh id='pic01' Width='720' Height='480' FitMode='FitIn' />
      </MeshGroup>
      <MeshGroup>
        <Mesh id='pic02' Width='720' Height='480' FitMode='FitIn' />
      </MeshGroup>
      <MeshGroup>
        <Mesh id='pic03' Width='720' Height='480' FitMode='FitIn' />
      </MeshGroup>
      <MeshGroup>
        <Mesh id='pic04' Width='720' Height='480' FitMode='FitIn' />
      </MeshGroup>
	  <MeshGroup>
        <Mesh id='pic05' Width='720' Height='480' FitMode='FitIn' />
      </MeshGroup>
      <MeshGroup>
        <Mesh id='pic06' Width='720' Height='480' FitMode='FitIn' />
      </MeshGroup>
      <MeshGroup>
        <Mesh id='pic07' Width='720' Height='480' FitMode='FitIn' />
      </MeshGroup>
      <MeshGroup>
        <Mesh id='pic08' Width='720' Height='480' FitMode='FitIn' />
      </MeshGroup>
	  <MeshGroup>
        <Mesh id='pic09' Width='720' Height='480' FitMode='FitIn' />
      </MeshGroup>                                                    
      <MeshGroup>
        <Mesh id='pic10' Width='720' Height='480' FitMode='FitIn' />
      </MeshGroup>
    </Group>
    <Group id='G2' BeginFrame='982' EndFrame='1810'>
      <MeshGroup>
        <Mesh id='pic01' Width='720' Height='480' FitMode='FitIn' />
      </MeshGroup>
      <MeshGroup>
        <Mesh id='pic02' Width='720' Height='480' FitMode='FitIn' />
      </MeshGroup>
      <MeshGroup>
        <Mesh id='pic03' Width='720' Height='480' FitMode='FitIn' />
      </MeshGroup>
      <MeshGroup>
        <Mesh id='pic04' Width='720' Height='480' FitMode='FitIn' />
      </MeshGroup>
	  <MeshGroup>
        <Mesh id='pic05' Width='720' Height='480' FitMode='FitIn' />
      </MeshGroup>
      <MeshGroup>
        <Mesh id='pic06' Width='720' Height='480' FitMode='FitIn' />
      </MeshGroup>
      <MeshGroup>
        <Mesh id='pic07' Width='720' Height='480' FitMode='FitIn' />
      </MeshGroup>
      <MeshGroup>
        <Mesh id='pic08' Width='720' Height='480' FitMode='FitIn' />
      </MeshGroup>
    </Group>
    <Group id='G3' BeginFrame='1811' EndFrame='3377'>
      <MeshGroup>
        <Mesh id='pic01' Width='720' Height='480' FitMode='FitIn' />
      </MeshGroup>
      <MeshGroup>
        <Mesh id='pic02' Width='720' Height='480' FitMode='FitIn' />
      </MeshGroup>
      <MeshGroup>
        <Mesh id='pic03' Width='720' Height='480' FitMode='FitIn' />
      </MeshGroup>
      <MeshGroup>
        <Mesh id='pic04' Width='720' Height='480' FitMode='FitIn' />
      </MeshGroup>
	  <MeshGroup>
        <Mesh id='pic05' Width='720' Height='480' FitMode='FitIn' />
      </MeshGroup>
      <MeshGroup>
        <Mesh id='pic06' Width='720' Height='480' FitMode='FitIn' />
      </MeshGroup>
      <MeshGroup>
        <Mesh id='pic07' Width='720' Height='480' FitMode='FitIn' />
      </MeshGroup>
      <MeshGroup>
        <Mesh id='pic08' Width='720' Height='480' FitMode='FitIn' />
      </MeshGroup>
    </Group>
    <Group id='G4' BeginFrame='3378' EndFrame='3910'>
      <MeshGroup>
        <Mesh id='pic01' Width='720' Height='480' FitMode='FitIn' />
      </MeshGroup>
      <MeshGroup>
        <Mesh id='pic02' Width='720' Height='480' FitMode='FitIn' />
      </MeshGroup>
      <MeshGroup>
        <Mesh id='pic03' Width='720' Height='480' FitMode='FitIn' />
      </MeshGroup>
      <MeshGroup>
        <Mesh id='pic04' Width='720' Height='480' FitMode='FitIn' />
      </MeshGroup>
	  <MeshGroup>
        <Mesh id='pic05' Width='720' Height='480' FitMode='FitIn' />
      </MeshGroup>
      <MeshGroup>
        <Mesh id='pic06' Width='720' Height='480' FitMode='FitIn' />
      </MeshGroup>
      <MeshGroup>
        <Mesh id='pic07' Width='720' Height='480' FitMode='FitIn' />
      </MeshGroup>
      <MeshGroup>
        <Mesh id='pic08' Width='720' Height='480' FitMode='FitIn' />
      </MeshGroup>
	  <MeshGroup>
        <Mesh id='pic09' Width='720' Height='480' FitMode='FitIn' />
      </MeshGroup>                                                    
      <MeshGroup>
        <Mesh id='pic10' Width='720' Height='480' FitMode='FitIn' />
      </MeshGroup>
    </Group>
  </GroupInfo>
</Profile>