﻿<?xml version='1.0' encoding='UTF-8'?>
<Profile>
  <General>
    <Version value='1.0.0.0' />
    <SecondFrameCount value='24' />
    <Camera value='camera1' />
    <Frame Begin='0' End='576' />
    <GroupCount value='720' />
    <FitMode value='FitIn' />
    <LoopStartFrame value='0' />
    <!--default:3 1:MapEndLinkBegin 2:ClearMeshImgData-->
    <RunningMode value='1' />
    <AntiAliasing value='0' />
    <NoNeedMask value='1' />
  </General>
  <GroupInfo>
    <Group id='G1' BeginFrame='0' EndFrame='95'>
      <MeshGroup>
        <Mesh id='pic_01_8_5' Width='720' Height='720' FitMode='FitIn' />
      </MeshGroup>    
      <MeshGroup>
        <Mesh id='pic_02_8_5' Width='720' Height='720' FitMode='FitIn' />
      </MeshGroup>
    </Group>
    <Group id='G2' BeginFrame='96' EndFrame='286'>
      <MeshGroup>
        <Mesh id='pic_03_8_5' Width='720' Height='720' FitMode='FitIn' />
      </MeshGroup>    
      <MeshGroup>
        <Mesh id='pic_04_8_5' Width='720' Height='720' FitMode='FitIn' />
      </MeshGroup>
    </Group>
    <Group id='G3' BeginFrame='287' EndFrame='379'>
      <MeshGroup>
        <Mesh id='pic_05_8_5' Width='720' Height='720' FitMode='FitIn' />
      </MeshGroup>   
      <MeshGroup>
        <Mesh id='pic_06_8_5' Width='720' Height='720' FitMode='FitIn' />
      </MeshGroup>
    </Group>
    <Group id='G4' Map='G1'  BeginFrame='380' EndFrame='576' />
  </GroupInfo>
</Profile>